id_hotel	nome	id_punto	ora_teide_mezza_giornata
1	PERLA GRIS	1	08:15
2	TROPICAL PARK	1	08:15
3	SUEÑO AZUL	1	08:15
4	APARTAMENTOS ALBATROS( CALLAO SALVAJE)	1	08:15
5	CALLAO GARDEN	1	08:15
6	OASIS PARAISO	2	08:20
7	PARAISO FLORAL	2	08:20
8	ROCA NIVARIA	3	08:20
9	RIU BUENAVISTA	4	08:20
10	BAHIA PRINCIPE COSTA ADEJE	2	08:20
11	HOVIMA JARDIN CALETA	6	08:40
12	H10 COSTA ADEJE PALACE	10155	08:40
13	Tivoli La Caleta (Antiguo sheraton la caleta)	10155	08:40
14	ALTAMIRA	10084	
15	EL BERIL	9	08:40
16	RIU ARECAS	9	08:40
17	RIU PALACE	9	08:40
18	JARDINES DEL TEIDE	10	08:40
19	BAOBAB SUITES	10	08:40
20	LA PLANTACION DEL SUR	10	08:40
21	BAHIA DEL DUQUE	11	08:40
22	MIRADOR DEL DUQUE IBEROSTAR	9	08:40
23	Wyndham Costa Adeje( Antiguo Monterey)	23	09:05
24	REGENCY CLUB TORVISCAS	14	08:50
25	NEPTUNO	16	08:50
26	PANORAMICA HEIGHTS	16	08:50
27	SANTA MONICA	13	
28	MALIBU PARK	14	08:50
29	PARADISE COURT	14	08:50
30	ISLAND VILLAGE	14	08:50
31	Ramada Costa Adeje ( antiguo Paradise club)	16	08:50
32	VILLA TAGORO	16	08:50
33	GRAN TACANDE	17	08:55
34	ANTHELIA	20	09:00
35	COSTA ADEJE GRAN	19	08:55
36	TERRAZAS DEL DUQUE	19	08:55
37	EL DUQUE	19	08:55
38	GF ISABEL	20	09:00
39	HOVIMA SUITES (Labranda Suite C. Adeje)	20	09:00
40	GF FAÑABE	20	09:00
41	PLAYA REAL	20	09:00
42	BAHIA FANABE SUITES	20	09:00
43	VILLA FAÑABE SUITES	20	09:00
44	JACARANDA	20	09:00
45	PARQUE DEL SOL	20	09:00
46	COLON GUANAHANI	20	09:00
47	JARDINES NIVARIA	20	09:00
48	LOS OLIVOS	20	09:00
49	GUAYARMINA	22	09:00
50	SUNWING	22	09:00
51	SOL SUN BEACH	22	09:00
52	ROYAL SUNSET BEACH CLUB	22	09:00
53	YUCCA PARK	20	09:00
54	LAGOS FAÑABE	22	09:00
55	MAREVERDE	22	09:00
56	ORLANDO	22	09:00
57	PRINCESS INSPIRE TENERIFE	22	09:00
58	PLAYA OLID	22	09:00
59	HOVIMA COSTA ADEJE	22	09:00
60	SABILA IBEROSTAR	22	09:00
61	SANTA MARIA	22	09:00
62	LA PINTA	22	09:00
63	AluaSoul Costa Adeje ( Antiguo La niña)	22	09:00
64	PUEBLO TORVISCAS	22	09:00
65	SUNSET BAY	22	09:00
66	SUNSET HARBOUR	22	09:00
67	ORO VERDE	22	09:00
68	BOUGANVILLE	23	09:05
69	LAS DALIAS	23	09:05
70	FLAMINGO BEACH MATE	23	09:05
71	CLUB ATLANTIS	23	09:05
72	LOS GERANIOS	23	09:05
73	VILLA ADEJE BEACH	65	09:05
74	LAGUNA PARK I	23	09:05
75	OCEAN PARK	23	09:05
76	JARDIN TROPICAL	23	09:05
77	TINERFE GARDEN	23	09:05
78	GRAN TINERFE	23	09:05
79	LOS HIBISCOS	23	09:05
80	CORAL OCEAN VIEW	24	09:05
81	CLUB OLYMPUS	23	09:05
82	PONDEROSA	23	09:05
83	PARQUE AMERICAS	23	09:05
84	BORINQUEN	23	09:05
85	LAS FLORES	23	09:05
86	OLE TROPICAL TENERIFE	24	09:05
88	TORRES YOMELI	24	09:05
89	TROYA	24	09:05
90	PALM BEACH CLUB	24	09:05
91	PARAISO DEL SOL	24	09:05
92	CARIBE	24	09:05
93	GALA	24	09:05
94	PLAYA AZUL	24	09:05
95	VANILLA GARDEN	24	09:05
96	ORO BLANCO	24	09:05
97	GREEN GARDEN GOLF RESORT	25	09:05
98	SOL TENERIFE	26	09:10
99	COLON II	26	09:10
100	LAS PALMERAS	26	09:10
101	PARQUE CRISTOBAL	26	09:10
102	PIRAMIDES	27	09:10
103	TAJINASTE	27	09:10
104	COLUMBUS	27	09:10
105	ORO NEGRO	27	09:10
106	CORAL CALIFORNIA	27	09:10
107	BARRANCO	27	09:10
108	FLORITAS	27	09:10
109	TIGOTAN	28	09:15
110	BEST TENERIFE	29	09:15
111	PARQUE SANTIAGO I	29	09:15
112	PARQUE SANTIAGO II	29	09:15
113	PARQUE SANTIAGO III	29	09:15
114	PARQUE SANTIAGO IV	29	09:15
116	OPTIMIST	29	09:15
117	VULCANO	29	09:15
118	ANDORRA	29	09:15
119	LA SIESTA	29	09:15
120	CONQUISTADOR	29	09:15
121	VILLA CORTES	29	09:15
122	PARK CLUB EUROPE	29	09:15
123	SUNPRIME CORAL SUITES & SPA	10015	09:15
124	PARQUE LA PAZ	29	09:15
125	ZENTRAL CENTER	29	09:15
126	MEDITERRANEAN	29	09:15
127	CLEOPATRA	29	09:15
128	SIR ANTHONY	30	
129	TENERIFE ROYAL GARDEN	10016	09:15
130	CORAL COMPOSTELA BEACH	10016	09:15
131	VISTASUR	29	09:15
132	TORRES SOL	30	
133	UDALLA PARK	31	09:20
134	SAINT GEORGE	31	09:20
135	MAROLA PARK	31	09:20
136	EL CARDON	31	09:20
137	AZAHARA	31	09:20
138	MARYLANZA	51	09:20
139	Coral Compostela Golf	51	09:20
140	Villa Mandi Golf Resort	33	09:20
141	LAS MADRIGUERAS	33	09:20
142	OASIS GOLF	33	09:20
143	GRANADA PARK	34	09:20
144	LAS FUENTES	35	
145	SOLMAR	35	
146	LOS ALISIOS	36	09:25
147	HG TENERIFE SUR	36	09:25
148	AGUAMAR	36	09:25
149	CRISTIANSUR	36	09:25
150	LOS CLAVELES	36	09:25
151	SUMMERLAND	36	09:25
152	PARQUE MARGARITA	36	09:25
153	PARADISE PARK	37	09:25
154	DINASTIA	37	09:25
155	OHASIS APARTMENTS (antigüo Oasis Mango)	37	09:25
156	CASTLE HARBOUR	37	09:25
157	EL MIRADOR	37	09:25
158	OLIVINA	37	09:25
159	PARAMOUNT	37	09:25
160	HOLLYWOOD MIRAGE	37	09:25
161	BEVERLY HILLS HIGH	37	09:25
162	BEVERLY HILLS CLUB	37	09:25
163	PORT ROYAL	37	09:25
164	ROYAL PALM	37	09:25
165	DIAMANTES	37	09:25
166	CLUB TENERIFE	37	09:25
167	LOS ANGELES	39	09:25
168	PALOMA BEACH	39	09:25
169	VICTORIA COURT I	39	09:25
170	VICTORIA COURT II	39	09:25
171	ARONA GRAN	39	09:25
172	COSTAMAR	39	09:25
173	Sol Arona Tenerife by Melia	40	09:25
175	ATLANTIDA	40	09:25
176	ANDREAS	40	09:25
177	REVERON PLAZA	40	09:25
178	SUR Y SOL	40	09:25
179	REGENCY COUNTRY CLUB	41	12:15
180	GREEN PARK	42	08:50
181	Wyndham Golf del Sur ( Antiguo Sunningdale)	42	08:50
182	Muthu Royal Park Albatros	42	08:50
183	GOLF PLAZA	42	08:50
184	WINTER GARDEN	42	08:50
185	DUQUESA DEL MAR	42	08:50
186	Alua Atlántico Golf Resort(antiguo aguamarina)	43	08:50
187	APT AGUAMARINA	43	08:50
189	FAIRWAYS	43	08:50
190	PEBBLE BEACH	10009	08:50
191	SCORPIO	10009	08:50
192	Santa Barbara Golf and Ocean Club	44	08:50
193	SAND CLUB	45	08:50
194	Barceló Tenerife ( Sandos San Blas)	10036	08:50
195	THE SALMAR ( VINCI GOLF ANT)	10035	08:50
196	TERRAZAS DE LA PAZ	45	08:50
197	SUNSET VIEW	45	08:50
198	ROYAL TFE COUNTRY CLUB (SAN ANDRES)	46	08:50
200	ALONDRAS PARK	54	
201	LAGUNA PARK II	65	09:05
204	COPACABANA	23	09:05
206	PLAYA FLOR	26	09:10
208	SAN TELMO	35	
209	AMERICAS	24	09:05
215	PARADERO	24	09:05
218	PALIA DON PEDRO	10034	
219	PARADERO II	24	09:05
225	ACHACAY	40	09:25
227	EUCALIPTO	35	
233	CARDONES	26	09:10
249	SAN MARINO	40	09:25
250	GUAYERO	40	09:25
251	COLINA	40	09:25
252	SAINT GEORGE	31	09:20
254	ANNAPURNA - (ALBORADA BEACH CLUB)	52	
255	PANORAMA	23	09:05
256	JARDINES SUR	40	09:25
258	PARQUE ROYAL	22	09:00
259	FLORIDA	41	12:15
261	DORADO	27	09:10
262	CLUB MARINO	54	
265	COMODORO	40	09:25
266	PLAYA HONDA	29	09:15
276	CHAYOFA CLUB	41	12:15
278	BITACORA	29	09:15
281	GARDEN CITY	23	09:05
282	PLAYA GRACIOSA	37	09:25
289	DON JOSE	52	
290	VILLA MAR	23	09:05
291	PARAISO ROYAL	26	09:10
292	MAR Y SOL	37	09:25
293	BIG SUR	40	09:25
294	VILLAS CANARIAS	13	
298	PALO BLANCO	23	09:05
299	THE HEIGHTS	37	09:25
304	MIRAVERDE	22	09:00
319	ROSAMAR	40	09:25
323	PRIMAVERA	52	
326	OASIS GRAN RESORT	10023	09:20
327	PARQUE TROPICAL	37	09:25
329	MARINA PRIMAVERA	52	
330	JARDIN CANARIO	39	09:25
334	PARQUE SAN EUGENIO	23	09:05
335	LA TORTUGA	19	08:55
345	CORTIJO	24	09:05
347	VIÑAS DEL MAR	23	09:05
350	ACAPULCO	23	09:05
351	LAS BRISAS	14	08:50
353	CACTUS	40	09:25
355	CRITIANMAR	40	09:25
356	BALCON DEL MAR	54	
357	URBANIA CLUB	24	09:05
358	PARQUE VERDE	42	08:50
359	GARAJONAY	23	09:05
361	MARAVILLA	53	09:00
364	MARYSOL	37	09:25
367	PARAISO SUR	2	08:20
369	OLIMPIA	24	09:05
370	CRISTIAN MAR	40	09:25
373	EL RINCON	39	09:25
377	LAS VIÑAS	27	09:10
378	SENDYMAR	0	
379	CHAPARRAL	53	09:00
380	ARENAS DEL MAR	10063	08:40
381	ROYAL GARDEN	0	
383	GRAN CALLAO SPORT	57	08:15
384	TIIME HART	0	
385	ADELFAS	42	08:50
386	CHIPEQUE	37	09:25
387	APT EL CARMEN	40	09:25
388	VISTA HERMOSA	37	09:25
389	SUNBAY	10009	08:50
390	PARCIS ROY	0	
392	PUEBLO PRIMAVERA	44	08:50
393	BAHIA COLON	40	09:25
395	PARQUE CATLEYA	27	09:10
397	TEGUESTE	0	
399	DON ANTONIO	40	09:25
400	MARINA VIEW	0	
403	CRISTIANOS III	29	09:15
404	LAS TERRAZAS	0	
412	PORTO NOVA	0	
413	AGAVES	0	
415	FUNCHAL	36	09:25
416	VILLAMAR	0	
419	BENIMAR	19	08:55
420	WINSOR PARK	65	09:05
423	BUCANERO	40	09:25
426	COLON I	26	09:10
429	ROYAL MARINA GOLF	10009	08:50
433	LAS CARAVELAS	22	09:00
435	AQUARIUS	0	
436	LOS ARCOS	0	
437	APARTAMENTOS DUQUE	19	08:55
438	BALCON ATLANTICO	16	08:50
439	AUGUSTA PARK	0	
440	AMARILLA BAY	54	
444	PLAYA PARAISO	2	08:20
448	CLUB PARAISO	2	08:20
451	VERA MAR	0	
453	ALTAMAR	24	09:05
454	VIRGINIA II	35	
456	MIRAMAR	0	
460	FLORES DEL SOL	0	
463	HOSTAL TENERIFE	40	09:25
464	LOS CARDONES	26	09:10
465	PARAISO DEL SOL II	24	09:05
467	La Duquesa	0	
472	ROCAMAR	0	
473	HORIZONTE	0	
475	APARTAMENTOS BAHIA	0	
477	WEST HAVEN BAY	53	09:00
479	BLUE SEA	1	08:15
480	PITERAS	0	
481	ROQUE DEL CONDE	10000	08:50
482	VILLAS TENERIFE	6	08:40
490	ESTRELLA	0	
492	COLINA BLANCA	0	
498	GERMINIO	0	
499	APARTAMENTOS LA COLINA	40	09:25
500	ANICA SUR	0	
501	EDF. CRISOL	40	09:25
507	CALEDONIA PARK	65	09:05
510	HARD ROCK HOTEL	68	08:20
512	APARTAMENTOS EL ANCLA	1	08:15
521	FLORIDA PARK	23	09:05
525	Edificio Artista	0	
526	Villa Mojon Callao Salvaje	1	08:15
539	RESIDENCIAL EL CAMISON	31	09:20
541	SANTA AMALIA	40	09:25
542	GRAN MUTHU GOLF PLAZA	42	08:50
543	GREEN PARK GOLF	42	08:50
544	VILLAS Y BAHIA FAÑABE	20	09:00
545	VILLA MARIA	6	08:40
546	GF VICTORIA	17	08:55
547	CORALES SUITES CALETA	10007	
548	ROYAL HIDEAWAY CORAL SUITES	10010	08:40
549	APARTAMENTO JACARANDA las americas	27	09:10
550	COSTA ADEJE GARDEN	14	08:50
551	FANTASIA BAHIA PRINCIPE GOLF DEL SUR	10009	08:50
552	AGUAVIVA	1	08:15
553	GARA SUITES	25	09:05
554	Grand Muthu Golf Plaza	42	08:50
555	H10 ATLANTIC SUNSET	10064	08:20
556	CORAL DREAMS	24	09:05
557	Landmar Costa Los Gigantes	10017	08:30
558	ABAMA The Ritz-Carlton	10018	08:55
559	BARCELÓ SANTIAGO	10012	08:35
560	TAMAIMO TROPICAL	10030	08:35
561	VIGILIA PARK	10029	08:24
562	THE HARBOUR CLUB	10019	
565	BAHIA FLAMINGO	10142	
567	ROYAL GARDEN VILLAS	10024	08:40
568	EL SOMBRERO APT LOS GIGANTES	10025	08:30
569	KLAYMAN DIAMOND APARTHOTEL	10029	08:24
570	ROYAL RIVER LUXURY	10028	08:40
571	BUENAVISTA GIGANTES	10029	08:24
572	APARTAMENTOS COLONIAL I	10029	08:24
573	MARQUES PALACE	10029	08:24
574	APARTAMENTOS POBLADO MARINERO	10029	08:24
575	ROYAL SUN RESORT	10029	08:24
576	APARTAMENTOS TAMAY I-VII	10029	08:24
577	TERRAZA LOS GIGANTES	10029	08:24
578	APARTAMENTO ACANTILADOS GIGANTES	10030	08:35
579	BALCONES LOS GIGANTES	10029	08:24
580	APARTAMENTOS LA ESTRELLA	10029	08:24
581	LOS GIGANTES VIEW	10012	08:35
582	ARENA SUITES	10032	
584	CLUB LA MAR	10032	
585	DRAGOS DEL SUR	10020	08:40
586	APARTAMENTOS JARDIN (LOS GIGANTES)	10032	
587	APARTAMENTO LAGO SANTIAGO	10032	
588	LAGOS DE CESAR	10020	08:40
589	PLAYA LA ARENA RESIDENCIAL	10032	
590	APARTAMENTOS PUERTO SANTIAGO	10032	
591	APARTAMENTOS ARENA	10020	08:40
592	SOL ARENA	10020	08:40
593	ARENAS NEGRAS	10020	08:40
594	CASA LAS CUPULAS	10020	08:40
595	APARTAMENTOS PLAYA LA ARENA	10020	08:40
596	HOTEL PLAYA LA ARENA LANDMAR	10020	08:40
597	ROYAL SUNSET (GIGANTES)	10029	08:24
598	APARTAMENTOS TAGARA BEACH	10020	08:40
599	SERVATUR ISORA (EX ALLEGRO)	10142	
600	PRINCESA ISORA	10011	08:45
601	CASA CALMA	10014	08:50
602	CONDE TIO MEDINA	10014	08:50
603	EL NAVIO	10014	08:50
604	APTOS MIRAMAR	10014	08:50
605	GRAN MELIA PALACIO DE ISORA	10014	08:50
606	ROCK PLAZA	10014	08:50
607	MARAZUL APTOS	10033	09:00
608	RELAX HOME TENERIFE	10033	09:00
609	TAUCHO COTTAGE	10033	09:00
610	TWINFIN SURF CAMP	10033	09:00
611	MARINA PALACE	4	08:20
612	TENERIFE BY THE OCEAN APTOS	4	08:20
613	CLUB PARAISO APTOS	4	08:20
614	PARAISO DEL SUR APTOS	2	08:20
615	CASA EL HIERRO	6	08:40
616	MAGNOLIA GOLF RESORT APTOS	6	08:40
617	OASIS LA CALETA	6	08:40
618	SUNRISES LA CALETA	6	08:40
619	VILLA CALETA GOLF	6	08:40
620	VILLA LA CALETA	6	08:40
621	VILLA NATALIE	6	08:40
622	TOWNHOUSE LA CALETA	7	
623	VERIL DEL DUQUE II APTOS	7	
624	VERIL DEL DUQUE I APTOS	9	08:40
625	CASA BONITA APTOS	10	08:40
626	JARDINES DEL DUQUE	19	08:55
627	OASIS DEL DUQUE	19	08:55
628	TOWNHOUSE EL DUQUE	19	08:55
629	VACATION HOME LA DUQUESA	19	08:55
630	VILLAS DEL DUQUE	19	08:55
631	LOS BREZOS	20	09:00
632	PLAYA FAÑABE	20	09:00
633	APARTAMENTOS FAÑABE	22	09:00
634	APARTAMENTOS COSTA ADEJE OASIS	16	08:50
635	RESIDENCIAL OASIS FAÑABE III	16	08:50
636	APARTAMENTOS SAN EUGENIO ALTO	16	08:50
637	SAPHIRE CLUB	16	08:50
638	APARTAMENTOS TENERIFE BEST	16	08:50
639	VILLAS MADRO	16	08:50
640	VILLAS YUCCA	16	08:50
641	APARTAMENTOS ALOHA GARDEN	13	
642	APARTAMENTOS ALBATROS CALLAO SALVAJE	1	08:15
643	ARCO IRIS PLAYA	1	08:15
644	ATLANTIC PALACE	1	08:15
645	LA TOSCANA	1	08:15
646	LAS BARANDAS	1	08:15
647	MIRADOR DE LA GOMERA	1	08:15
648	VILLAS NIVARIA	1	08:15
649	ATALAYA COURT	13	
650	APARTAMENTOS BUENAVISTA	48	
651	APARTAMENTOS DREAM VIEW	48	
652	MONTESOL	48	
653	APARTAMENTOS SIAM	48	
654	VILLAS SAN EUGENIO	48	
655	APARTAMENTOS LOS PUEBLOS	23	09:05
656	PALMERAS DEL SUR	23	09:05
657	APARTAMENTOS COSMOPOLITAN TENERIFE	23	09:05
658	APARTAMENTOS CASA TROPICAL	24	09:05
659	APARTAMENTOS PLAYA VERONICAS	24	09:05
660	APARTAMENTOS LAS VISTAS	29	09:15
661	SUMERLAND	36	09:25
662	ANDALUCIA	40	09:25
663	APARTAMENTOS LOS CRISTIANOS	40	09:25
664	DRAGO	10034	
665	APARTAMENTOS HERCULES	10034	
666	HOSTAL DUENDES DEL SUR	52	
667	ALONDRAS PARK CLUB ( COSTA DEL SILENCIO)	54	
668	ATLANTIC VIEW	54	
669	APARTAMENTOS ATLANTICO	54	
670	APARTAMENTOS GERANIOS ( COSTA DEL SILENCIO)	54	
671	ROCAS DEL MAR	54	
672	APARTAMENTOS GOLF DEL SUR	10009	08:50
673	ALAMO PARK	10035	08:50
674	LA BALLENA	10036	08:50
675	HOTEL MEDANO	10037	08:40
676	HOSTAL CAREL	10037	08:40
677	PLAYA SUR MEDANO	10037	08:40
678	PUNTA DEL REY ( LAS CALETILLAS)	10038	
680	CRUCEROS MUELLE	10039	
682	PRINCIPE PAZ HTL	10039	
683	SILKEN ATLANTIDA HTL	10039	
684	PANORAMICA	10040	
685	ROUTE ACTIVE	10040	
686	Precise Resort Puerto (Anterior Maritim)	10041	
687	BAHIA PLAYA	10042	
688	BE LIVE ADULTS ONLY	10042	
689	DIAMANTE SUITES	10042	
690	NOELIA PLAYA	10042	
691	TENERIFE VING	10042	
692	ALUA TENERIFE (TURQUESA PLAYA)	10042	
693	FLORIDA PLAZA BE SMART	10093	
694	GIRASOL	10043	
695	MAGA	10043	
696	MAGEC	10043	
697	MARTE	10043	
698	PARK PLAZA	10043	
699	PUERTO AZUL	10043	
700	SUN HOLIDAYS	10043	
701	TROVADOR	10043	
702	ALTA APTOS	10044	
703	ASTORIA HOTEL	10044	
704	AVENIDA HOTEL	10044	
705	BAMBI HOTEL	10044	
706	CONCORDIA HOTEL	10044	
707	GUAJARA APTOS	10044	
708	LAS VEGAS HOTEL	10044	
709	Hotel AF Valle Orotava - Puerto de la Cruz	10043	
710	PALMERAS PLAYA HOTEL	10044	
711	SAN FELIPE HOTEL	10094	
712	SAN TELMO HOTEL	10044	
713	SOL ATLANTIS HOTEL	10044	
714	TENERIFE PLAYA HOTEL	10044	
715	VALLEMAR HOTEL	10094	
716	BELAIR	10045	
717	CHIMISAY	10045	
718	CONDESA	10045	
719	LA VAGGI	10045	
720	MARQUESA	10045	
721	MONOPOL	10045	
722	XIBANA	10045	
723	CARABELA	10046	
725	CHINYERO	10046	
726	EL TOPE	10046	
727	PEZ AZUL	10046	
728	PUERTO DE LA CRUZ	10046	
729	BLUESEA Puerto Resort	10080	
730	CANARIFE (BLUE SEA)	10047	
731	IKARUS	10047	
732	INTERPALACE (BLUE SEA)	10080	
733	MASARU	10047	
734	MELIA LA PAZ	10047	
735	MOLINO BLANCO	10047	
736	SEMIRAMIS	10080	
737	TARAJAL	10047	
738	TEIDE MAR	10080	
739	WEARE LA PAZ	10047	
740	BOTANICO	10048	
741	CLUB LA PAZ	10048	
742	GAROE	10049	
743	AMBASSADOR (CLUB)	10050	
744	BLUE SEA COSTA	10050	
745	CASA DEL SOL HOTEL	10051	
746	DON CANDIDO HOTEL	10051	
747	ESPLANADE HOTEL	10051	
748	HAPIMAG HOTEL	10051	
749	MIRAMAR ELEGANCE HOTEL	10051	
750	PUERTO PALACE HOTEL	10061	
751	TAORO GARDEN HOTEL	10051	
752	TIGAIGA HOTEL	10051	
753	Hotel Las Águilas Tenerife, Affiliated by Meliá	10052	
754	QUINTA PARK	10053	
755	ADONIS PLAZA	10039	
756	CONTEMPORANEO	10039	
757	CRUCEROS	10039	
758	MENCEY	10039	
759	Meliá Hacienda del Conde ( buenavista)	0	
760	DIRECT HARBOUR	10062	
761	APARTAMENTO PARQUE CAROLINA ( COSTA DEL SILENCIO )	54	
762	TUI BLUE LOS GIGANTES	10025	08:30
763	Labranda bahía Fañabé	20	09:00
764	HOVIMA ATLANTIS	23	09:05
765	ROYAL SUN HOTEL	10029	08:24
766	HACIENDA II	14	08:50
767	FAÑABE COSTA SUR	20	09:00
768	MYND Adeje	1	08:15
769	ATLANTIC HOLIDAYS	1	08:15
770	PALM-MAR	10103	09:00
782	COSTA DEL SILENCIO	10088	09:00
783	BAHIA FANABE SUIES	20	09:00
784	FERGUS P	0	
785	FERGUS PUERTO DE LA CRUZ	10109	
786	SOL COSTA ATLANTIS	10094	
787	PRIVADO	0	
788	Parque Vacacional Edén	10111	
789	H10 Tenerife Playa	10094	
790	LA QUINTA PARK CORAL	10053	
791	SHOLEO LOS GIGANTES	10142	
792	Hotel Silken Saaj Maar Puerto de la Cruz	10094	
793	AluaSoul Orotava Valley	10091	
794	Globales Acuario	10061	
795	ATLANTIC MIRAGE SUITES & SPA	10080	
797	APARTAMENTOS CASABLANCA	10046	
799	DON MANOLITO	10150	
800	Be Live Experience Orotava	10094	
801	Sol Puerto de la Cruz Tenerife	10150	
802	Apartamentos Teneguia	10150	
